"userid","arrTime","dbu","dbs","userLabel1","userLabel2","userLabel3","userLabel4","userLabel5","userHis1","userHis2","userHis3","userHis4","userHis5","neiRec1","neiRec2","shopHis1","shopHis2","simbu1","simbu2","simbu3","simbu4","simbu5","neiNum","class","isNotAppear","isSameUser","userDate1","userDate2","userDate3","neiDate1","neiDate2","neiDate3","dateDiff1","dateDiff2","dateDiff3","duraDiff","user_dur","trace_dur","label","shopid"
7449,20140812100124,0.0323253847618199,0.0360405802394981,2,6,0,1,5,0,0,0,0,0,2,0.25,2,1,0,0,0,0,0,8,8,1,0,2,10,1,2,10,1,0,0,0,13,23,36,0,7350
7449,20140812100124,0.0445751197418494,0.0457272583914689,2,6,0,1,5,0,0,0,0,0,1,0.125,0,0,1,4,1,1,1,8,6,1,0,2,10,1,2,10,1,0,0,0,10,23,33,0,4998
7449,20140812100124,0.0434185550772977,0.0459777949123306,2,6,0,1,5,0,0,0,0,0,1,0.125,0,0,0,5,1,1,2,8,1,1,0,2,10,1,2,10,1,0,0,0,11,23,34,0,9290
7449,20140812100124,0.0458105282658891,0.0472885684706157,2,6,0,1,5,0,0,0,0,0,1,0.125,0,0,0,5,1,1,2,8,1,1,0,2,10,1,2,10,1,0,0,0,1,23,24,0,9047
7449,20140812100124,0.045811117646264,0.0539667661436181,2,6,0,1,5,0,0,0,0,0,1,0.125,0,0,0,5,1,1,2,8,1,1,0,2,10,1,2,10,1,0,0,0,0,23,23,0,9140
7449,20140812100124,0.0453068648220094,0.0598921336821498,2,6,0,1,5,0,0,0,0,0,1,0.125,0,0,1,3,0,0,4,8,6,1,0,2,10,1,2,10,1,0,0,0,4,23,19,0,3783
7449,20140812100124,0.0552059530847872,0.0675487796484884,2,6,0,1,5,0,0,0,0,0,1,0.125,1,1,0,0,0,0,0,8,6,1,0,2,10,1,2,10,1,0,0,0,9,23,32,0,3830
968,20140812100138,0.178020746802171,0.0327222757307582,2,1,1,2,7,0,0,0,0,0,1,0.333333333333333,0,0,1,2,1,1,2,3,6,1,0,2,10,1,2,10,1,0,0,0,1,34,33,0,3118
968,20140812100138,0.190177551251447,0.196677165906469,2,1,1,2,7,0,0,0,0,0,1,0.333333333333333,0,0,1,2,1,1,2,3,6,1,0,2,10,1,2,10,1,0,0,0,4,34,30,0,4306
968,20140812100138,0.203353078412891,0.264197499384458,2,1,1,2,7,0,0,0,0,0,1,0.333333333333333,0,0,1,1,0,1,2,3,1,1,0,2,10,1,2,10,1,0,0,0,10,34,24,0,10444
1752,20140812100240,0.0804034825116455,0.0846009834753791,2,6,0,1,5,0,0,0,0,0,1,0.2,0,0,0,5,1,1,2,5,1,1,0,2,10,1,2,10,1,0,0,0,15,32,17,0,9051
1752,20140812100240,0.0244902747228356,0.0873580135877603,2,6,0,1,5,0,0,0,0,0,1,0.2,0,0,1,3,0,0,4,5,6,1,0,2,10,1,2,10,1,0,0,0,8,32,40,0,4895
1752,20140812100240,0.0945469784234258,0.106833501061236,2,6,0,1,5,0,0,0,0,0,1,0.2,0,0,0,3,1,1,3,5,6,1,0,2,10,1,2,10,1,0,0,0,5,32,37,0,4861
1752,20140812100240,0.0838123071153615,0.11962785640895,2,6,0,1,5,0,0,0,0,0,1,0.2,0,0,1,3,0,0,4,5,6,1,0,2,10,1,2,10,1,0,0,0,4,32,36,0,3790
1752,20140812100240,0.0848953597082965,0.131606201863748,2,6,0,1,5,0,0,0,0,0,1,0.2,0,0,0,4,0,0,0,5,8,1,0,2,10,1,2,10,1,0,0,0,2,32,34,0,7950
4424,20140812100445,0.134460189929947,0.202109262078699,2,1,1,2,7,0,0,0,0,0,1,0.5,0,0,1,2,1,1,2,2,6,1,0,2,10,1,2,10,1,0,0,0,14,26,40,0,4895
4424,20140812100445,0.188476910522217,0.203641586187594,2,1,1,2,7,0,0,0,0,0,1,0.5,0,0,0,0,0,0,5,2,1,1,0,2,10,1,2,10,1,0,0,0,7,26,33,0,10495
3949,20140812100610,0.130770582276753,0.0170018825134223,2,2,0,1,5,0,0,0,0,0,1,0.333333333333333,0,0,0,1,1,1,3,3,1,1,0,2,10,1,2,10,1,0,0,0,3,36,33,0,11934
3949,20140812100610,0.0172881722573583,0.0285542157482916,2,2,0,1,5,0,0,0,0,0,2,0.666666666666667,1,0.5,0,0,0,0,0,3,6,1,0,2,10,1,2,10,1,0,0,0,0,36,36,0,7155
7068,20140812100737,0.0151503346827719,0.0248729412213358,2,2,0,2,4,0,0,0,0,0,1,0.333333333333333,0,0,0,4,0,1,1,3,6,1,0,2,10,1,2,10,1,0,0,0,9,23,32,0,3830
7068,20140812100737,0.0399138225305394,0.0274437610031896,2,2,0,2,4,0,0,0,0,0,1,0.333333333333333,0,0,0,0,0,1,1,3,8,1,0,2,10,1,2,10,1,0,0,0,11,23,34,0,7950
7068,20140812100737,0.076436871789738,0.126196270261843,2,2,0,2,4,0,0,0,0,0,1,0.333333333333333,0,0,0,1,1,1,2,3,8,1,0,2,10,1,2,10,1,0,0,0,14,23,37,0,26
3209,20140812101140,0.00590150667202591,0.0118389757158332,2,1,1,2,7,0,0,0,0,0,1,0.2,0,0,1,2,1,1,2,5,6,1,0,2,10,1,2,10,1,0,0,0,4,23,19,0,3783
3209,20140812101140,0.0158398743997536,0.023220133440615,2,1,1,2,7,0,0,0,0,0,1,0.2,1,1,0,0,0,0,0,5,1,1,0,2,10,1,2,10,1,0,0,0,7,23,30,0,9230
3209,20140812101140,0.0237809788276218,0.0238331183230367,2,1,1,2,7,0,0,0,0,0,1,0.2,0,0,1,1,0,1,2,5,1,1,0,2,10,1,2,10,1,0,0,0,11,23,34,0,9194
3209,20140812101140,0.0313309615077439,0.0243678856284218,2,1,1,2,7,0,0,0,0,0,1,0.2,0,0,1,2,1,1,2,5,6,1,0,2,10,1,2,10,1,0,0,0,13,23,36,0,3790
3209,20140812101140,0.0213703913160272,0.0295318161480153,2,1,1,2,7,0,0,0,0,0,1,0.2,0,0,0,5,1,1,2,5,6,1,0,2,10,1,2,10,1,0,0,0,9,23,32,0,3830
5852,20140812101359,0.0229373080373491,0.0332034482094851,2,1,1,2,2,0,0,0,0,0,2,1,1,0.5,0,0,0,0,0,2,1,1,0,2,10,1,2,10,1,0,0,0,8,30,22,0,9467
7947,20140812101432,0.0995293756435728,0.178975138566789,2,1,0,1,5,0,0,0,0,0,2,0.666666666666667,0,0,1,1,0,0,0,3,1,1,0,2,10,1,2,10,1,0,0,0,0,23,23,0,11425
7947,20140812101432,0.0961015594878611,0.2279450154511,2,1,0,1,5,0,0,0,0,0,1,0.333333333333333,0,0,0,5,0,0,0,3,1,1,0,2,10,1,2,10,1,0,0,0,13,23,36,0,11402
6055,20140812101758,0.00890690428824226,0.00945988583441112,2,1,1,2,7,0,0,0,0,0,1,0.2,1,1,0,0,0,0,0,5,1,1,0,2,10,1,2,10,1,0,0,0,10,33,23,0,11892
6055,20140812101758,0.0450955951729254,0.0109478496975399,2,1,1,2,7,0,0,0,0,0,1,0.2,1,1,0,0,0,0,0,5,6,1,0,2,10,1,2,10,1,0,0,0,3,33,36,0,6662
6055,20140812101758,0.0196885790244059,0.0284643130955258,2,1,1,2,7,0,0,0,0,0,1,0.2,0,0,0,1,1,1,2,5,6,1,0,2,10,1,2,10,1,0,0,0,11,33,22,0,7095
6055,20140812101758,0.0196885790244059,0.0330000212878743,2,1,1,2,7,0,0,0,0,0,2,0.4,1,0.5,0,1,1,1,2,5,6,1,0,2,10,1,2,10,1,0,0,0,3,33,36,0,7155
781,20140812100114,0.0944071151979568,0.106434080679075,3,3,0,1,9,0,0,0,0,0,1,0.333333333333333,0,0,1,3,0,0,4,3,6,1,0,2,10,1,2,10,1,0,0,0,0,30,30,0,3452
781,20140812100114,0.0920530770805625,0.110172174526961,3,3,0,1,9,0,0,0,0,0,2,0.666666666666667,1,0.5,1,2,1,1,2,3,6,1,0,2,10,1,2,10,1,0,0,0,4,30,34,0,3416
3277,20140812100127,0.158098034446978,0.162714054097974,2,1,1,1,6,0,0,0,0,0,1,1,0,0,0,0,1,0,1,1,8,1,0,2,10,1,2,10,1,0,0,0,14,37,23,0,7942
4619,20140812100128,0.252763726877496,0.254587913391431,2,1,0,1,5,0,0,0,0,0,1,0.5,0,0,0,0,1,1,2,2,1,1,0,2,10,1,2,10,1,0,0,0,1,33,34,0,9599
4619,20140812100128,0.25837701215278,0.267990119705937,2,1,0,1,5,0,0,0,0,0,1,0.5,0,0,0,2,1,1,3,2,3,1,0,2,10,1,2,10,1,0,0,0,4,33,37,0,9553
968,20140812100138,0.178020746802171,0.0327222757307582,2,1,1,2,7,0,0,0,0,0,1,0.333333333333333,0,0,1,2,1,1,2,3,6,1,0,2,10,1,2,10,1,0,0,0,1,34,33,0,3118
968,20140812100138,0.190177551251447,0.196677165906469,2,1,1,2,7,0,0,0,0,0,1,0.333333333333333,0,0,1,2,1,1,2,3,6,1,0,2,10,1,2,10,1,0,0,0,4,34,30,0,4306
968,20140812100138,0.203353078412891,0.264197499384458,2,1,1,2,7,0,0,0,0,0,1,0.333333333333333,0,0,1,1,0,1,2,3,1,1,0,2,10,1,2,10,1,0,0,0,10,34,24,0,10444
405,20140812100230,0.0237733188469706,0.0254123372006469,3,3,0,1,9,0,0,0,0,0,1,0.142857142857143,0,0,1,2,1,1,2,7,6,1,0,2,10,1,2,10,1,0,0,0,3,36,33,0,7068
405,20140812100230,0.0213665445264423,0.0256646129914238,3,3,0,1,9,0,0,0,0,0,1,0.142857142857143,0,0,1,2,1,1,2,7,6,1,0,2,10,1,2,10,1,0,0,0,0,36,36,0,6662
405,20140812100230,0.01860204088266,0.0259643984717444,3,3,0,1,9,0,0,0,0,0,1,0.142857142857143,0,0,1,3,0,0,4,7,6,1,0,2,10,1,2,10,1,0,0,0,3,36,33,0,7163
405,20140812100230,0.0307042870133691,0.0313493715566974,3,3,0,1,9,0,0,0,0,0,1,0.142857142857143,0,0,1,2,1,1,2,7,1,1,0,2,10,1,2,10,1,0,0,0,13,36,23,0,11892
405,20140812100230,0.0422647775931689,0.050198040529482,3,3,0,1,9,0,0,0,0,0,1,0.142857142857143,0,0,1,1,0,0,4,7,6,1,0,2,10,1,2,10,1,0,0,0,14,36,22,0,7095
405,20140812100230,0.0422647775931689,0.0548923724391605,3,3,0,1,9,0,0,0,0,0,2,0.285714285714286,0,0,1,1,0,0,4,7,6,1,0,2,10,1,2,10,1,0,0,0,0,36,36,0,7155
2621,20140812100237,0.176555648451132,0.184142083340554,2,1,1,2,7,0,0,0,0,0,1,0.333333333333333,1,1,0,0,0,0,0,3,6,1,0,2,10,1,2,10,1,0,0,0,4,34,30,0,5544
2621,20140812100237,0.142428035512677,0.196156344544346,2,1,1,2,7,0,0,0,0,0,1,0.333333333333333,0,0,0,0,0,0,5,3,1,1,0,2,10,1,2,10,1,0,0,0,8,34,26,0,10746
2621,20140812100237,0.199382753958307,0.227794332124403,2,1,1,2,7,0,0,0,0,0,1,0.333333333333333,1,1,0,0,0,0,0,3,6,1,0,2,10,1,2,10,1,0,0,0,4,34,30,0,5303
4976,20140812100514,0.130334337106535,0.130856803281306,2,1,1,2,2,0,0,0,0,0,1,1,0,0,0,0,0,0,5,1,1,1,0,2,10,1,2,10,1,0,0,0,10,33,23,0,11892
5971,20140812100549,0,0.0334610615641484,2,1,1,2,2,0,0,0,0,0,1,1,1,1,0,0,0,0,0,1,1,1,0,2,10,1,2,10,1,0,0,0,10,34,24,1,11282
3949,20140812100610,0.0172881722573583,0.0285542157482916,2,2,0,1,5,0,0,0,0,0,2,1,1,0.5,0,0,0,0,0,2,6,1,0,2,10,1,2,10,1,0,0,0,0,36,36,0,7155
7068,20140812100737,0.0151503346827719,0.0248729412213358,2,2,0,2,4,0,0,0,0,0,1,0.333333333333333,0,0,0,4,0,1,1,3,6,1,0,2,10,1,2,10,1,0,0,0,9,23,32,0,3830
7068,20140812100737,0.0399138225305394,0.0274437610031896,2,2,0,2,4,0,0,0,0,0,1,0.333333333333333,0,0,0,0,0,1,1,3,8,1,0,2,10,1,2,10,1,0,0,0,11,23,34,0,7950
7068,20140812100737,0.234242419952064,0.238954864880379,2,2,0,2,4,0,0,0,0,0,1,0.333333333333333,0,0,0,1,0,1,1,3,8,1,0,2,10,1,2,10,1,0,0,0,0,23,23,0,7942
6745,20140812100740,0.0277747991711881,0.0294846463265255,2,1,1,2,7,0,0,0,0,0,1,0.166666666666667,0,0,0,5,1,1,2,6,6,1,0,2,10,1,2,10,1,0,0,0,17,17,34,0,4987
6745,20140812100740,0.025800499394392,0.0343809143130325,2,1,1,2,7,0,0,0,0,0,1,0.166666666666667,0,0,0,2,0,0,1,6,6,1,0,2,10,1,2,10,1,0,0,0,20,17,37,0,4861
6745,20140812100740,0.0294850623197557,0.0392336559219227,2,1,1,2,7,0,0,0,0,0,1,0.166666666666667,0,0,1,2,1,1,2,6,6,1,0,2,10,1,2,10,1,0,0,0,2,17,19,0,3783
6745,20140812100740,0.0393438499514226,0.0394598828432052,2,1,1,2,7,0,0,0,0,0,1,0.166666666666667,0,0,1,1,0,1,2,6,1,1,0,2,10,1,2,10,1,0,0,0,17,17,34,0,9194
6745,20140812100740,0.0365632192236907,0.0414679313445983,2,1,1,2,7,0,0,0,0,0,1,0.166666666666667,1,1,0,0,0,0,0,6,1,1,0,2,10,1,2,10,1,0,0,0,13,17,30,0,9230
6745,20140812100740,0.00571536385543012,0.0437788728612307,2,1,1,2,7,0,0,0,0,0,1,0.166666666666667,0,0,1,2,1,1,2,6,6,1,0,2,10,1,2,10,1,0,0,0,19,17,36,0,3790
867,20140812101004,1.41421356282199e-05,0.00905895291962685,2,1,1,2,7,0,0,0,0,0,1,0.2,1,1,0,0,0,0,0,5,1,1,0,2,10,1,2,10,1,0,0,0,1,24,23,0,9140
867,20140812101004,0.0140440890057005,0.0245738212738713,2,1,1,2,7,0,0,0,0,0,1,0.2,0,0,0,5,1,1,2,5,6,1,0,2,10,1,2,10,1,0,0,0,8,24,32,0,3830
867,20140812101004,0.205914599045331,0.217600987398959,2,1,1,2,7,0,0,0,0,0,1,0.2,0,0,0,0,0,0,5,5,1,1,0,2,10,1,2,10,1,0,0,0,12,24,36,0,9332
867,20140812101004,0.213104654102161,0.408103580416789,2,1,1,2,7,0,0,0,0,0,1,0.2,0,0,1,1,0,1,2,5,1,1,0,2,10,1,2,10,1,0,0,0,8,24,32,0,11425
867,20140812101004,0.13739615860715,0.456784775517972,2,1,1,2,7,0,0,0,0,0,1,0.2,0,0,0,5,1,1,2,5,1,1,0,2,10,1,2,10,1,0,0,0,12,24,36,0,11402
1334,20140812101407,0.13614449858882,0.143198271724908,2,6,0,1,5,0,0,0,0,0,1,0.2,1,1,0,0,0,0,0,5,8,1,0,2,10,1,2,10,1,0,0,0,10,33,23,0,18
1334,20140812101407,0.15208914055909,0.158392058841353,2,6,0,1,5,0,0,0,0,0,1,0.2,0,0,0,5,1,1,2,5,6,1,0,2,10,1,2,10,1,0,0,0,2,33,31,0,1930
1334,20140812101407,0.146268205704452,0.162839008622014,2,6,0,1,5,0,0,0,0,0,1,0.2,0,0,0,5,1,1,2,5,6,1,0,2,10,1,2,10,1,0,0,0,1,33,34,0,1887
1334,20140812101407,0.129768612418419,0.189768769382641,2,6,0,1,5,0,0,0,0,0,1,0.2,1,0.5,0,0,0,0,0,5,1,1,0,2,10,1,2,10,1,0,0,0,3,33,36,0,9011
1334,20140812101407,0.107282025521532,0.215385670930082,2,6,0,1,5,0,0,0,0,0,1,0.2,0,0,0,5,0,0,0,5,8,1,0,2,10,1,2,10,1,0,0,0,3,33,30,0,7982
4837,20140812101410,0.0114284692325798,0.00227116027615718,2,1,1,2,7,0,0,0,0,0,1,0.25,0,0,0,2,0,0,1,4,6,1,0,2,10,1,2,10,1,0,0,0,4,33,37,0,4861
4837,20140812101410,0.204949717003948,0.21557768877368,2,1,1,2,7,0,0,0,0,0,1,0.25,0,0,0,0,0,0,5,4,1,1,0,2,10,1,2,10,1,0,0,0,3,33,36,0,9332
4837,20140812101410,0.210327758034932,0.399203840373562,2,1,1,2,7,0,0,0,0,0,1,0.25,0,0,1,1,0,1,2,4,1,1,0,2,10,1,2,10,1,0,0,0,1,33,32,0,11425
4837,20140812101410,0.131862514006069,0.446916100677747,2,1,1,2,7,0,0,0,0,0,1,0.25,0,0,0,5,1,1,2,4,1,1,0,2,10,1,2,10,1,0,0,0,3,33,36,0,11402
6400,20140812101528,0.0492615428097763,0.0505767450514523,3,5,0,1,8,0,0,0,0,0,1,0.166666666666667,0,0,2,3,1,1,4,6,6,1,0,2,10,1,2,10,1,0,0,0,4,37,33,0,4998
6400,20140812101528,0.0513236224461929,0.0556934291366578,3,5,0,1,8,0,0,0,0,0,1,0.166666666666667,0,0,1,4,1,1,1,6,6,1,0,2,10,1,2,10,1,0,0,0,14,37,23,0,3789
6400,20140812101528,0.0605793447389413,0.0621787152408289,3,5,0,1,8,0,0,0,0,0,1,0.166666666666667,0,0,1,1,0,0,3,6,6,1,0,2,10,1,2,10,1,0,0,0,3,37,34,0,4987
6400,20140812101528,0.045893229348123,0.0627319600921239,3,5,0,1,8,0,0,0,0,0,1,0.166666666666667,0,0,0,2,0,0,1,6,6,1,0,2,10,1,2,10,1,0,0,0,18,37,19,0,3783
6400,20140812101528,0.0474269778079895,0.0736647878500926,3,5,0,1,8,0,0,0,0,0,1,0.166666666666667,0,0,0,2,0,0,1,6,6,1,0,2,10,1,2,10,1,0,0,0,1,37,36,0,3790
6400,20140812101528,0.0671174972417707,0.078530757617632,3,5,0,1,8,0,0,0,0,0,1,0.166666666666667,0,0,1,1,0,0,3,6,6,1,0,2,10,1,2,10,1,0,0,0,5,37,32,0,3830
5817,20140812101814,0.0890300368471307,0.0895051318361175,3,3,0,1,9,0,0,0,0,0,1,0.2,0,0,1,2,1,1,7,5,1,1,0,2,10,1,2,10,1,0,0,0,6,40,34,0,9060
5817,20140812101814,0.0890300368471307,0.0911582052532927,3,3,0,1,9,0,0,0,0,0,1,0.2,0,0,1,2,1,1,2,5,1,1,0,2,10,1,2,10,1,0,0,0,6,40,34,0,9290
5817,20140812101814,0.0908821482415597,0.0924563987239519,3,3,0,1,9,0,0,0,0,0,1,0.2,0,0,1,3,0,0,4,5,6,1,0,2,10,1,2,10,1,0,0,0,6,40,34,0,4987
5817,20140812101814,0.0831399826858344,0.0948730143138815,3,3,0,1,9,0,0,0,0,0,1,0.2,0,0,1,0,1,1,1,5,6,1,0,2,10,1,2,10,1,0,0,0,3,40,37,0,4861
5817,20140812101814,0.0685040115905662,0.106546846621574,3,3,0,1,9,0,0,0,0,0,1,0.2,1,1,0,0,0,0,0,5,6,1,0,2,10,1,2,10,1,0,0,0,4,40,36,0,3790
6249,20140812100532,0.00433968904415935,0.00643270464113407,1,2,1,2,4,0,0,0,0,0,1,0.25,0,0,1,1,0,0,3,4,6,1,0,2,10,1,2,10,1,0,0,0,10,33,23,0,3789
6249,20140812100532,0.00676932049765088,0.0153296606942249,1,2,1,2,4,0,0,0,0,0,1,0.25,0,0,2,1,1,1,5,4,6,1,0,2,10,1,2,10,1,0,0,0,14,33,19,0,3783
6249,20140812100532,0.0339681154025317,0.0281766600043325,1,2,1,2,4,0,0,0,0,0,1,0.25,0,0,2,1,1,1,5,4,6,1,0,2,10,1,2,10,1,0,0,0,3,33,36,0,3790
6249,20140812100532,0.0203492927641249,0.0299908821477482,1,2,1,2,4,0,0,0,0,0,1,0.25,0,0,1,4,1,1,1,4,6,1,0,2,10,1,2,10,1,0,0,0,1,33,32,0,3830
5498,20140812100729,0,0.00332128288466927,2,1,1,2,2,0,0,0,0,0,1,0.166666666666667,0,0,0,0,0,0,5,6,1,1,0,2,10,1,2,10,1,0,0,0,0,34,34,0,9290
5498,20140812100729,0.0296309244540181,0.0297096433670898,2,1,1,2,2,0,0,0,0,0,1,0.166666666666667,0,0,1,1,0,1,3,6,1,1,0,2,10,1,2,10,1,0,0,0,0,34,34,0,9194
5498,20140812100729,0.022330222233552,0.0298499387771552,2,1,1,2,2,0,0,0,0,0,1,0.166666666666667,0,0,0,0,0,0,5,6,1,1,0,2,10,1,2,10,1,0,0,0,4,34,30,0,9230
5498,20140812100729,0.22237113262516,0.233547430219217,2,1,1,2,2,0,0,0,0,0,1,0.166666666666667,1,1,0,0,0,0,0,6,1,1,0,2,10,1,2,10,1,0,0,0,2,34,36,0,9332
5498,20140812100729,0.22859179190207,0.420704214281243,2,1,1,2,2,0,0,0,0,0,1,0.166666666666667,0,0,1,1,0,1,3,6,1,1,0,2,10,1,2,10,1,0,0,0,2,34,32,0,11425
5498,20140812100729,0.150436483357594,0.4688709701613,2,1,1,2,2,0,0,0,0,0,1,0.166666666666667,0,0,0,5,1,1,3,6,1,1,0,2,10,1,2,10,1,0,0,0,2,34,36,0,11402
7068,20140812100737,0.0151503346827719,0.0248729412213358,2,2,0,2,4,0,0,0,0,0,1,0.25,0,0,0,4,0,1,1,4,6,1,0,2,10,1,2,10,1,0,0,0,9,23,32,0,3830
7068,20140812100737,0.0399138225305394,0.0274437610031896,2,2,0,2,4,0,0,0,0,0,1,0.25,0,0,0,0,0,1,1,4,8,1,0,2,10,1,2,10,1,0,0,0,11,23,34,0,7950
7068,20140812100737,0.076436871789738,0.126196270261843,2,2,0,2,4,0,0,0,0,0,1,0.25,0,0,0,1,1,1,2,4,8,1,0,2,10,1,2,10,1,0,0,0,14,23,37,0,26
7068,20140812100737,0.234242419952064,0.238954864880379,2,2,0,2,4,0,0,0,0,0,1,0.25,0,0,0,1,0,1,1,4,8,1,0,2,10,1,2,10,1,0,0,0,0,23,23,0,7942
514,20140812101404,0,0.0133741271490845,2,2,0,1,5,0,0,0,0,0,2,1,1,0.5,0,0,0,0,0,2,6,1,0,2,10,1,2,10,1,0,0,0,14,22,36,0,7155
4837,20140812101410,0.0114284692325798,0.00227116027615718,2,1,1,2,7,0,0,0,0,0,1,0.25,0,0,0,2,0,0,1,4,6,1,0,2,10,1,2,10,1,0,0,0,4,33,37,0,4861
4837,20140812101410,0.204949717003948,0.21557768877368,2,1,1,2,7,0,0,0,0,0,1,0.25,0,0,0,0,0,0,5,4,1,1,0,2,10,1,2,10,1,0,0,0,3,33,36,0,9332
4837,20140812101410,0.210327758034932,0.399203840373562,2,1,1,2,7,0,0,0,0,0,1,0.25,0,0,1,1,0,1,2,4,1,1,0,2,10,1,2,10,1,0,0,0,1,33,32,0,11425
4837,20140812101410,0.131862514006069,0.446916100677747,2,1,1,2,7,0,0,0,0,0,1,0.25,0,0,0,5,1,1,2,4,1,1,0,2,10,1,2,10,1,0,0,0,3,33,36,0,11402
1493,20140812101806,0.0663197321616974,0.0822623635267049,2,6,0,1,5,0,0,0,0,0,1,1,0,0,1,3,0,0,4,1,6,1,0,2,10,1,2,10,1,0,0,0,0,33,33,0,6660
3739,20140812101839,0.00644572726695222,0.00916335768154704,2,6,0,1,5,0,0,0,0,0,1,0.2,1,1,0,0,0,0,0,5,8,1,0,2,10,1,2,10,1,0,0,0,17,19,36,1,7350
3739,20140812101839,0.0206941344346615,0.0224403308353479,2,6,0,1,5,0,0,0,0,0,1,0.2,0,0,0,5,1,1,2,5,1,1,0,2,10,1,2,10,1,0,0,0,5,19,24,0,9047
3739,20140812101839,0.020700516901757,0.0297397361790556,2,6,0,1,5,0,0,0,0,0,1,0.2,0,0,0,5,1,1,2,5,1,1,0,2,10,1,2,10,1,0,0,0,4,19,23,0,9140
3739,20140812101839,0.0336125862735926,0.0451020315728672,2,6,0,1,5,0,0,0,0,0,1,0.2,1,1,0,0,0,0,0,5,6,1,0,2,10,1,2,10,1,0,0,0,13,19,32,0,3830
3739,20140812101839,0.0412562728806233,0.0479623529552176,2,6,0,1,5,0,0,0,0,0,1,0.2,0,0,0,2,0,0,1,5,8,1,0,2,10,1,2,10,1,0,0,0,17,19,36,0,7935
781,20140812100114,0.0944071151979568,0.106434080679075,3,3,0,1,9,0,0,0,0,0,1,0.333333333333333,0,0,1,3,0,0,4,3,6,1,0,2,10,1,2,10,1,0,0,0,0,30,30,0,3452
781,20140812100114,0.0920530770805625,0.110172174526961,3,3,0,1,9,0,0,0,0,0,2,0.666666666666667,1,0.5,1,2,1,1,2,3,6,1,0,2,10,1,2,10,1,0,0,0,4,30,34,0,3416
7449,20140812100124,0.0323253847618199,0.0360405802394981,2,6,0,1,5,0,0,0,0,0,1,0.142857142857143,1,1,0,0,0,0,0,7,8,1,0,2,10,1,2,10,1,0,0,0,13,23,36,0,7350
7449,20140812100124,0.0445751197418494,0.0457272583914689,2,6,0,1,5,0,0,0,0,0,1,0.142857142857143,0,0,1,4,1,1,1,7,6,1,0,2,10,1,2,10,1,0,0,0,10,23,33,0,4998
7449,20140812100124,0.0458105282658891,0.0472885684706157,2,6,0,1,5,0,0,0,0,0,1,0.142857142857143,0,0,0,5,1,1,2,7,1,1,0,2,10,1,2,10,1,0,0,0,1,23,24,0,9047
7449,20140812100124,0.0484293252172709,0.0499118323546653,2,6,0,1,5,0,0,0,0,0,1,0.142857142857143,0,0,0,5,1,1,2,7,6,1,0,2,10,1,2,10,1,0,0,0,0,23,23,0,3789
7449,20140812100124,0.0472167308165249,0.0588956044624708,2,6,0,1,5,0,0,0,0,0,1,0.142857142857143,0,0,0,4,0,1,1,7,6,1,0,2,10,1,2,10,1,0,0,0,0,23,23,0,3781
7449,20140812100124,0.0453068648220094,0.0598921336821498,2,6,0,1,5,0,0,0,0,0,1,0.142857142857143,0,0,1,3,0,0,4,7,6,1,0,2,10,1,2,10,1,0,0,0,4,23,19,0,3783
7449,20140812100124,0.0552059530847872,0.0675487796484884,2,6,0,1,5,0,0,0,0,0,1,0.142857142857143,1,1,0,0,0,0,0,7,6,1,0,2,10,1,2,10,1,0,0,0,9,23,32,0,3830
2621,20140812100237,0.142428035512677,0.196156344544346,2,1,1,2,7,0,0,0,0,0,1,0.5,0,0,0,0,0,0,5,2,1,1,0,2,10,1,2,10,1,0,0,0,8,34,26,0,10746
2621,20140812100237,0.199382753958307,0.227794332124403,2,1,1,2,7,0,0,0,0,0,1,0.5,1,1,0,0,0,0,0,2,6,1,0,2,10,1,2,10,1,0,0,0,4,34,30,0,5303
8636,20140812100254,0.0251870692221223,0.051245435972394,2,1,1,2,7,0,0,0,0,0,1,1,1,1,0,0,0,0,0,1,6,1,0,2,10,1,2,10,1,0,0,0,0,30,30,0,5303
186,20140812100318,0.0243460653905361,0.0309002565199733,2,4,0,1,6,0,0,0,0,0,1,0.166666666666667,0,0,1,1,0,0,3,6,1,1,0,2,10,1,2,10,1,0,0,0,5,35,30,0,9151
186,20140812100318,0.00594200302928543,0.0355357662784977,2,4,0,1,6,0,0,0,0,0,1,0.166666666666667,0,0,1,1,0,0,2,6,9,1,0,2,10,1,2,10,1,0,0,0,2,35,37,0,664
186,20140812100318,0.0429596034083206,0.0455924224076765,2,4,0,1,6,0,0,0,0,0,1,0.166666666666667,0,0,0,3,1,1,4,6,1,1,0,2,10,1,2,10,1,0,0,0,1,35,34,0,9060
186,20140812100318,0.0487030532923724,0.0500237849427631,2,4,0,1,6,0,0,0,0,0,1,0.166666666666667,0,0,1,2,1,1,2,6,6,1,0,2,10,1,2,10,1,0,0,0,2,35,33,0,4998
186,20140812100318,0.0460944215713746,0.0628786176454296,2,4,0,1,6,0,0,0,0,0,1,0.166666666666667,0,0,1,1,0,0,3,6,6,1,0,2,10,1,2,10,1,0,0,0,16,35,19,0,3783
186,20140812100318,0.0531158235274546,0.0714001829479393,2,4,0,1,6,0,0,0,0,0,1,0.166666666666667,0,0,0,2,0,1,2,6,6,1,0,2,10,1,2,10,1,0,0,0,12,35,23,0,3781
3566,20140812100339,0.0759240916969067,0.0806198759922147,2,1,1,2,7,0,0,0,0,0,1,0.5,1,1,0,0,0,0,0,2,6,1,0,2,10,1,2,10,1,0,0,0,1,23,24,0,5175
3566,20140812100339,0.209786567015141,0.267273718732309,2,1,1,2,7,0,0,0,0,0,1,0.5,0,0,0,0,0,0,5,2,1,1,0,2,10,1,2,10,1,0,0,0,3,23,26,0,10746
8777,20140812100409,0.00812899311108263,0.00869053306765949,2,6,0,1,5,0,0,0,0,0,1,0.2,0,0,0,5,1,1,2,5,6,1,0,2,10,1,2,10,1,0,0,0,1,34,33,0,4925
8777,20140812100409,0.0147290147667812,0.0102388382153425,2,6,0,1,5,0,0,0,0,0,1,0.2,0,0,0,3,1,1,3,5,6,1,0,2,10,1,2,10,1,0,0,0,3,34,37,0,4861
8777,20140812100409,0.0117303452634637,0.0118441895037151,2,6,0,1,5,0,0,0,0,0,1,0.2,0,0,1,4,1,0,0,5,1,1,0,2,10,1,2,10,1,0,0,0,0,34,34,0,9194
8777,20140812100409,0.0098370528615012,0.0136963928463003,2,6,0,1,5,0,0,0,0,0,1,0.2,0,0,0,5,1,1,2,5,1,1,0,2,10,1,2,10,1,0,0,0,4,34,30,0,9230
8777,20140812100409,0.0199976475866465,0.0270862344743669,2,6,0,1,5,0,0,0,0,0,1,0.2,0,0,0,4,0,0,0,5,8,1,0,2,10,1,2,10,1,0,0,0,0,34,34,0,7950
6062,20140812100436,0.0492231731199869,0.0635977950639798,3,3,0,1,9,0,0,0,0,0,1,0.2,1,1,0,0,0,0,0,5,6,1,0,2,10,1,2,10,1,0,0,0,3,33,30,0,3090
6062,20140812100436,0.151442581964256,0.173235936416205,3,3,0,1,9,0,0,0,0,0,1,0.2,0,0,1,2,1,1,7,5,1,1,0,2,10,1,2,10,1,0,0,0,3,33,30,0,9450
6062,20140812100436,0.173344836127304,0.183306115809047,3,3,0,1,9,0,0,0,0,0,2,0.4,0,0,1,2,1,1,7,5,1,1,0,2,10,1,2,10,1,0,0,0,11,33,22,0,9467
6062,20140812100436,0.178020746802171,0.190866901051498,3,3,0,1,9,0,0,0,0,0,1,0.2,0,0,1,2,1,1,2,5,6,1,0,2,10,1,2,10,1,0,0,0,1,33,34,0,3053
4387,20140812100639,0.12289515826509,0.135867481499438,2,1,1,2,7,0,0,0,0,0,1,0.166666666666667,0,0,1,2,1,1,2,6,6,1,0,2,10,1,2,10,1,0,0,0,6,30,36,0,7149
4387,20140812100639,0.136703137432907,0.141291178978019,2,1,1,2,7,0,0,0,0,0,1,0.166666666666667,1,1,0,0,0,0,0,6,6,1,0,2,10,1,2,10,1,0,0,0,3,30,33,1,7068
4387,20140812100639,0.111617228956819,0.144954113929199,2,1,1,2,7,0,0,0,0,0,1,0.166666666666667,1,1,0,0,0,0,0,6,6,1,0,2,10,1,2,10,1,0,0,0,6,30,36,0,6662
4387,20140812100639,0.145577005244642,0.146093822155496,2,1,1,2,7,0,0,0,0,0,1,0.166666666666667,1,1,0,0,0,0,0,6,1,1,0,2,10,1,2,10,1,0,0,0,7,30,23,0,11892
4387,20140812100639,0.128223726743532,0.148287592579418,2,1,1,2,7,0,0,0,0,0,1,0.166666666666667,0,0,0,5,1,1,2,6,6,1,0,2,10,1,2,10,1,0,0,0,3,30,33,0,7163
4387,20140812100639,0.0153755666237013,0.162182213725804,2,1,1,2,7,0,0,0,0,0,1,0.166666666666667,0,0,0,0,0,0,5,6,1,1,0,2,10,1,2,10,1,0,0,0,3,30,33,0,11934
3098,20140812100854,1.41421356282199e-05,0.00176009317934903,2,1,1,2,7,0,0,0,0,0,1,0.2,1,1,0,0,0,0,0,5,1,1,0,2,10,1,2,10,1,0,0,0,1,23,24,0,9047
3098,20140812100854,0.0212722140126513,0.0136276346076642,2,1,1,2,7,0,0,0,0,0,1,0.2,0,0,0,1,1,0,3,5,6,1,0,2,10,1,2,10,1,0,0,0,0,23,23,0,3781
3098,20140812100854,0.0140322812115469,0.0245653799482125,2,1,1,2,7,0,0,0,0,0,1,0.2,0,0,0,5,1,1,2,5,6,1,0,2,10,1,2,10,1,0,0,0,9,23,32,0,3830
3098,20140812100854,0.205913773458696,0.217599962906711,2,1,1,2,7,0,0,0,0,0,1,0.2,0,0,0,0,0,0,5,5,1,1,0,2,10,1,2,10,1,0,0,0,13,23,36,0,9332
3098,20140812100854,0.213103385707504,0.4081014348039,2,1,1,2,7,0,0,0,0,0,1,0.2,0,0,1,1,0,1,2,5,1,1,0,2,10,1,2,10,1,0,0,0,9,23,32,0,11425
4782,20140812100943,0,0.00279505742338044,2,1,1,2,7,0,0,0,0,0,1,0.2,0,0,0,0,0,0,5,5,1,1,0,2,10,1,2,10,1,0,0,0,0,34,34,0,9060
4782,20140812100943,0.00960940294710567,0.010551758384265,2,1,1,2,7,0,0,0,0,0,1,0.2,0,0,1,1,0,0,3,5,6,1,0,2,10,1,2,10,1,0,0,0,1,34,33,0,4998
4782,20140812100943,0.009426379262466,0.0150804215458325,2,1,1,2,7,0,0,0,0,0,1,0.2,1,1,0,0,0,0,0,5,6,1,0,2,10,1,2,10,1,0,0,0,11,34,23,0,3789
4782,20140812100943,0.00353458979231826,0.0201873517827361,2,1,1,2,7,0,0,0,0,0,1,0.2,0,0,1,2,1,1,2,5,6,1,0,2,10,1,2,10,1,0,0,0,15,34,19,0,3783
4782,20140812100943,0.0147484156437162,0.0381131380235138,2,1,1,2,7,0,0,0,0,0,1,0.2,0,0,0,1,1,0,3,5,6,1,0,2,10,1,2,10,1,0,0,0,11,34,23,0,3781
6869,20140812101008,0.0688804188430961,0.301771747716716,2,1,1,2,7,0,0,0,0,0,1,1,0,0,0,5,1,1,2,1,6,1,0,2,10,1,2,10,1,0,0,0,0,36,36,0,1765
3845,20140812101025,0.181129086565353,0.187636193973878,2,2,0,1,5,0,0,0,0,0,1,0.5,0,0,1,1,0,0,4,2,6,1,0,2,10,1,2,10,1,0,0,0,0,30,30,0,4306
3845,20140812101025,0.19346920814435,0.254280581997533,2,2,0,1,5,0,0,0,0,0,1,0.5,0,0,1,0,1,0,0,2,1,1,0,2,10,1,2,10,1,0,0,0,6,30,24,0,10444
5818,20140812101053,0.00229897803381848,0.00882227567014893,2,1,1,2,7,0,0,0,0,0,1,0.5,0,0,0,1,1,1,2,2,6,1,0,2,10,1,2,10,1,0,0,0,5,27,22,0,7095
5818,20140812101053,0.00229897803381848,0.0126962268804618,2,1,1,2,7,0,0,0,0,0,1,0.5,0,0,0,1,1,1,2,2,6,1,0,2,10,1,2,10,1,0,0,0,9,27,36,1,7155
5034,20140812101429,0.0731831462838197,0.0837183747871411,2,6,0,1,5,0,0,0,0,0,1,0.25,0,0,0,5,1,1,3,4,1,1,0,2,10,1,2,10,1,0,0,0,0,36,36,0,9332
5034,20140812101429,0.0961015594878611,0.1011080731742,2,6,0,1,5,0,0,0,0,0,1,0.25,0,0,0,5,0,0,0,4,8,1,0,2,10,1,2,10,1,0,0,0,13,36,23,0,7942
5034,20140812101429,0.136411385155349,0.271069085417352,2,6,0,1,5,0,0,0,0,0,2,0.5,0,0,1,4,0,0,0,4,1,1,0,2,10,1,2,10,1,0,0,0,13,36,23,0,11425
3739,20140812101839,0.00644572726695222,0.00916335768154704,2,6,0,1,5,0,0,0,0,0,1,0.2,1,1,0,0,0,0,0,5,8,1,0,2,10,1,2,10,1,0,0,0,17,19,36,1,7350
3739,20140812101839,0.0206941344346615,0.0224403308353479,2,6,0,1,5,0,0,0,0,0,1,0.2,0,0,0,5,1,1,2,5,1,1,0,2,10,1,2,10,1,0,0,0,5,19,24,0,9047
3739,20140812101839,0.0332889361349972,0.0342833453005962,2,6,0,1,5,0,0,0,0,0,1,0.2,0,0,0,4,0,1,1,5,6,1,0,2,10,1,2,10,1,0,0,0,4,19,23,0,3781
3739,20140812101839,0.0336125862735926,0.0451020315728672,2,6,0,1,5,0,0,0,0,0,1,0.2,1,1,0,0,0,0,0,5,6,1,0,2,10,1,2,10,1,0,0,0,13,19,32,0,3830
3739,20140812101839,0.0412562728806233,0.0479623529552176,2,6,0,1,5,0,0,0,0,0,1,0.2,0,0,0,2,0,0,1,5,8,1,0,2,10,1,2,10,1,0,0,0,17,19,36,0,7935
7449,20140812100124,0.0323253847618199,0.0360405802394981,2,6,0,1,5,0,0,0,0,0,2,0.222222222222222,2,1,0,0,0,0,0,9,8,1,0,2,10,1,2,10,1,0,0,0,13,23,36,0,7350
7449,20140812100124,0.0445751197418494,0.0457272583914689,2,6,0,1,5,0,0,0,0,0,1,0.111111111111111,0,0,1,4,1,1,1,9,6,1,0,2,10,1,2,10,1,0,0,0,10,23,33,0,4998
7449,20140812100124,0.0458105282658891,0.0472885684706157,2,6,0,1,5,0,0,0,0,0,1,0.111111111111111,0,0,0,5,1,1,2,9,1,1,0,2,10,1,2,10,1,0,0,0,1,23,24,0,9047
7449,20140812100124,0.0484293252172709,0.0499118323546653,2,6,0,1,5,0,0,0,0,0,1,0.111111111111111,0,0,0,5,1,1,2,9,6,1,0,2,10,1,2,10,1,0,0,0,0,23,23,0,3789
7449,20140812100124,0.045811117646264,0.0539667661436181,2,6,0,1,5,0,0,0,0,0,1,0.111111111111111,0,0,0,5,1,1,2,9,1,1,0,2,10,1,2,10,1,0,0,0,0,23,23,0,9140
7449,20140812100124,0.0472167308165249,0.0588956044624708,2,6,0,1,5,0,0,0,0,0,1,0.111111111111111,0,0,0,4,0,1,1,9,6,1,0,2,10,1,2,10,1,0,0,0,0,23,23,0,3781
7449,20140812100124,0.0453068648220094,0.0598921336821498,2,6,0,1,5,0,0,0,0,0,1,0.111111111111111,0,0,1,3,0,0,4,9,6,1,0,2,10,1,2,10,1,0,0,0,4,23,19,0,3783
7449,20140812100124,0.0552059530847872,0.0675487796484884,2,6,0,1,5,0,0,0,0,0,1,0.111111111111111,1,1,0,0,0,0,0,9,6,1,0,2,10,1,2,10,1,0,0,0,9,23,32,0,3830
6572,20140812100216,0.0138023766069412,0.0148846810513376,2,1,1,2,7,0,0,0,0,0,1,0.5,0,0,0,5,1,1,2,2,6,1,0,2,10,1,2,10,1,0,0,0,4,34,30,0,3452
6572,20140812100216,0.0178009044713986,0.0250114885602601,2,1,1,2,7,0,0,0,0,0,1,0.5,0,0,1,2,1,1,2,2,6,1,0,2,10,1,2,10,1,0,0,0,0,34,34,1,3416
3725,20140812100322,0.0226001244465616,0.0242637015519165,3,3,0,1,9,0,0,0,0,0,1,0.166666666666667,0,0,1,3,0,0,4,6,6,1,0,2,10,1,2,10,1,0,0,0,2,36,34,0,4987
3725,20140812100322,0.0266952007671823,0.0278421640681997,3,3,0,1,9,0,0,0,0,0,1,0.166666666666667,0,0,1,2,1,1,2,6,6,1,0,2,10,1,2,10,1,0,0,0,3,36,33,0,4925
3725,20140812100322,0.0201783542688731,0.0287313131095729,3,3,0,1,9,0,0,0,0,0,1,0.166666666666667,0,0,1,0,1,1,1,6,6,1,0,2,10,1,2,10,1,0,0,0,1,36,37,0,4861
3725,20140812100322,0.0339957368650891,0.0341120250058518,3,3,0,1,9,0,0,0,0,0,1,0.166666666666667,0,0,2,1,1,0,4,6,1,1,0,2,10,1,2,10,1,0,0,0,2,36,34,0,9194
3725,20140812100322,0.0273238504607265,0.0349939461192954,3,3,0,1,9,0,0,0,0,0,1,0.166666666666667,1,1,0,0,0,0,0,6,6,1,0,2,10,1,2,10,1,0,0,0,17,36,19,0,3783
3725,20140812100322,0.0317680566607403,0.0362314493499864,3,3,0,1,9,0,0,0,0,0,1,0.166666666666667,0,0,1,2,1,1,2,6,1,1,0,2,10,1,2,10,1,0,0,0,6,36,30,0,9230
2415,20140812100336,0.00974431629207561,0.00583970863999542,1,2,1,1,5,0,0,0,0,0,1,0.25,0,0,1,1,0,1,3,4,1,1,0,2,10,1,2,10,1,0,0,0,4,32,36,0,9332
2415,20140812100336,0.0176228390448253,0.0226244147106584,1,2,1,1,5,0,0,0,0,0,1,0.25,0,0,1,1,1,0,0,4,8,1,0,2,10,1,2,10,1,0,0,0,9,32,23,0,7942
2415,20140812100336,0.101563142921043,0.195867245727814,1,2,1,1,5,0,0,0,0,0,1,0.25,0,0,0,0,1,0,0,4,1,1,0,2,10,1,2,10,1,0,0,0,9,32,23,1,11425
2415,20140812100336,0.0785124830839017,0.24479976361304,1,2,1,1,5,0,0,0,0,0,1,0.25,0,0,1,4,1,0,0,4,1,1,0,2,10,1,2,10,1,0,0,0,4,32,36,0,11402
3949,20140812100610,0.130770582276753,0.0170018825134223,2,2,0,1,5,0,0,0,0,0,1,0.333333333333333,0,0,0,1,1,1,3,3,1,1,0,2,10,1,2,10,1,0,0,0,3,36,33,0,11934
3949,20140812100610,0.0172881722573583,0.0285542157482916,2,2,0,1,5,0,0,0,0,0,2,0.666666666666667,1,0.5,0,0,0,0,0,3,6,1,0,2,10,1,2,10,1,0,0,0,0,36,36,0,7155
7742,20140812100729,0.204361781162718,0.206145976846506,2,6,0,1,5,0,0,0,0,0,1,0.5,0,0,0,5,1,1,2,2,1,1,0,2,10,1,2,10,1,0,0,0,2,36,34,0,9599
7742,20140812100729,0.0491731392632252,0.225596938155194,2,6,0,1,5,0,0,0,0,0,1,0.5,0,0,0,5,0,0,0,2,8,1,0,2,10,1,2,10,1,0,0,0,3,36,33,0,385
4782,20140812100943,0,0.00279505742338044,2,1,1,2,7,0,0,0,0,0,1,0.2,0,0,0,0,0,0,5,5,1,1,0,2,10,1,2,10,1,0,0,0,0,34,34,0,9060
4782,20140812100943,0.00960940294710567,0.010551758384265,2,1,1,2,7,0,0,0,0,0,1,0.2,0,0,1,1,0,0,3,5,6,1,0,2,10,1,2,10,1,0,0,0,1,34,33,0,4998
4782,20140812100943,0.009426379262466,0.0150804215458325,2,1,1,2,7,0,0,0,0,0,1,0.2,1,1,0,0,0,0,0,5,6,1,0,2,10,1,2,10,1,0,0,0,11,34,23,0,3789
4782,20140812100943,0.00353458979231826,0.0201873517827361,2,1,1,2,7,0,0,0,0,0,1,0.2,0,0,1,2,1,1,2,5,6,1,0,2,10,1,2,10,1,0,0,0,15,34,19,0,3783
4782,20140812100943,0.0147484156437162,0.0381131380235138,2,1,1,2,7,0,0,0,0,0,1,0.2,0,0,0,1,1,0,3,5,6,1,0,2,10,1,2,10,1,0,0,0,11,34,23,0,3781
4668,20140812101436,0.17053532075497,0.173538065590809,3,3,0,1,9,0,0,0,0,0,1,1,0,0,1,2,1,1,7,1,1,1,0,2,10,1,2,10,1,0,0,0,0,30,30,0,11603
2964,20140812101502,0.0911059183368512,0.0964554978474544,2,1,1,2,2,0,0,0,0,0,1,1,0,0,0,5,1,1,3,1,1,1,0,2,10,1,2,10,1,0,0,0,6,26,32,0,11574
6400,20140812101528,0.0492615428097763,0.0505767450514523,3,5,0,1,8,0,0,0,0,0,1,0.166666666666667,0,0,2,3,1,1,4,6,6,1,0,2,10,1,2,10,1,0,0,0,4,37,33,0,4998
6400,20140812101528,0.0513236224461929,0.0556934291366578,3,5,0,1,8,0,0,0,0,0,1,0.166666666666667,0,0,1,4,1,1,1,6,6,1,0,2,10,1,2,10,1,0,0,0,14,37,23,0,3789
6400,20140812101528,0.0605793447389413,0.0621787152408289,3,5,0,1,8,0,0,0,0,0,1,0.166666666666667,0,0,1,1,0,0,3,6,6,1,0,2,10,1,2,10,1,0,0,0,3,37,34,0,4987
6400,20140812101528,0.045893229348123,0.0627319600921239,3,5,0,1,8,0,0,0,0,0,1,0.166666666666667,0,0,0,2,0,0,1,6,6,1,0,2,10,1,2,10,1,0,0,0,18,37,19,0,3783
6400,20140812101528,0.05397093225987,0.0735251166949024,3,5,0,1,8,0,0,0,0,0,1,0.166666666666667,0,0,1,3,0,1,4,6,6,1,0,2,10,1,2,10,1,0,0,0,14,37,23,0,3781
6400,20140812101528,0.0671174972417707,0.078530757617632,3,5,0,1,8,0,0,0,0,0,1,0.166666666666667,0,0,1,1,0,0,3,6,6,1,0,2,10,1,2,10,1,0,0,0,5,37,32,0,3830
6055,20140812101758,0.00890690428824226,0.00945988583441112,2,1,1,2,7,0,0,0,0,0,1,0.2,1,1,0,0,0,0,0,5,1,1,0,2,10,1,2,10,1,0,0,0,10,33,23,0,11892
6055,20140812101758,0.0450955951729254,0.0109478496975399,2,1,1,2,7,0,0,0,0,0,1,0.2,1,1,0,0,0,0,0,5,6,1,0,2,10,1,2,10,1,0,0,0,3,33,36,0,6662
6055,20140812101758,0.0196885790244059,0.0284643130955258,2,1,1,2,7,0,0,0,0,0,1,0.2,0,0,0,1,1,1,2,5,6,1,0,2,10,1,2,10,1,0,0,0,11,33,22,0,7095
6055,20140812101758,0.0196885790244059,0.0330000212878743,2,1,1,2,7,0,0,0,0,0,2,0.4,1,0.5,0,1,1,1,2,5,6,1,0,2,10,1,2,10,1,0,0,0,3,33,36,0,7155
1690,20140812100046,0.00591583941635429,0.0122326965138609,2,1,1,2,7,0,0,0,0,0,1,0.142857142857143,1,1,0,0,0,0,0,7,6,1,0,2,10,1,2,10,1,0,0,0,3,34,31,0,1930
1690,20140812100046,0.0925881558300003,0.0943207175969343,2,1,1,2,7,0,0,0,0,0,1,0.142857142857143,1,1,0,0,0,0,0,7,1,1,0,2,10,1,2,10,1,0,0,0,10,34,24,0,9047
1690,20140812100046,0.0973548663395979,0.098443491303391,2,1,1,2,7,0,0,0,0,0,1,0.142857142857143,0,0,1,1,0,0,3,7,6,1,0,2,10,1,2,10,1,0,0,0,1,34,33,0,4998
1690,20140812100046,0.0964752073073751,0.0990711060047328,2,1,1,2,7,0,0,0,0,0,1,0.142857142857143,1,1,0,0,0,0,0,7,1,1,0,2,10,1,2,10,1,0,0,0,0,34,34,0,9290
1690,20140812100046,0.0964752073073751,0.0992362782504511,2,1,1,2,7,0,0,0,0,0,1,0.142857142857143,0,0,0,0,0,0,5,7,1,1,0,2,10,1,2,10,1,0,0,0,0,34,34,0,9060
1690,20140812100046,0.0925940473248727,0.101603021549561,2,1,1,2,7,0,0,0,0,0,1,0.142857142857143,1,1,0,0,0,0,0,7,1,1,0,2,10,1,2,10,1,0,0,0,11,34,23,0,9140
1690,20140812100046,0.0994677952354479,0.106196076504742,2,1,1,2,7,0,0,0,0,0,1,0.142857142857143,0,0,0,1,1,0,3,7,6,1,0,2,10,1,2,10,1,0,0,0,11,34,23,0,3781
7449,20140812100124,0.0323253847618199,0.0360405802394981,2,6,0,1,5,0,0,0,0,0,2,0.222222222222222,2,1,0,0,0,0,0,9,8,1,0,2,10,1,2,10,1,0,0,0,13,23,36,0,7350
7449,20140812100124,0.0445751197418494,0.0457272583914689,2,6,0,1,5,0,0,0,0,0,1,0.111111111111111,0,0,1,4,1,1,1,9,6,1,0,2,10,1,2,10,1,0,0,0,10,23,33,0,4998
7449,20140812100124,0.0434185550772977,0.0459777949123306,2,6,0,1,5,0,0,0,0,0,1,0.111111111111111,0,0,0,5,1,1,2,9,1,1,0,2,10,1,2,10,1,0,0,0,11,23,34,0,9290
7449,20140812100124,0.0458105282658891,0.0472885684706157,2,6,0,1,5,0,0,0,0,0,1,0.111111111111111,0,0,0,5,1,1,2,9,1,1,0,2,10,1,2,10,1,0,0,0,1,23,24,0,9047
7449,20140812100124,0.0484293252172709,0.0499118323546653,2,6,0,1,5,0,0,0,0,0,1,0.111111111111111,0,0,0,5,1,1,2,9,6,1,0,2,10,1,2,10,1,0,0,0,0,23,23,0,3789
7449,20140812100124,0.045811117646264,0.0539667661436181,2,6,0,1,5,0,0,0,0,0,1,0.111111111111111,0,0,0,5,1,1,2,9,1,1,0,2,10,1,2,10,1,0,0,0,0,23,23,0,9140
7449,20140812100124,0.0472167308165249,0.0588956044624708,2,6,0,1,5,0,0,0,0,0,1,0.111111111111111,0,0,0,4,0,1,1,9,6,1,0,2,10,1,2,10,1,0,0,0,0,23,23,0,3781
7449,20140812100124,0.0552059530847872,0.0675487796484884,2,6,0,1,5,0,0,0,0,0,1,0.111111111111111,1,1,0,0,0,0,0,9,6,1,0,2,10,1,2,10,1,0,0,0,9,23,32,0,3830
7584,20140812100150,0.202419701857302,0.213380320781937,2,1,1,2,7,0,0,0,0,0,1,0.333333333333333,0,0,0,0,0,0,5,3,1,1,0,2,10,1,2,10,1,0,0,0,6,30,36,0,9332
7584,20140812100150,0.208296963492034,0.399332549698872,2,1,1,2,7,0,0,0,0,0,1,0.333333333333333,0,0,1,1,0,1,2,3,1,1,0,2,10,1,2,10,1,0,0,0,2,30,32,0,11425
7584,20140812100150,0.12986015940234,0.447366273164399,2,1,1,2,7,0,0,0,0,0,1,0.333333333333333,0,0,0,5,1,1,2,3,1,1,0,2,10,1,2,10,1,0,0,0,6,30,36,0,11402
7333,20140812100154,0.0682725906129259,0.112648873176786,1,2,1,1,5,0,0,0,0,0,1,0.2,0,0,1,1,0,0,1,5,8,1,0,2,10,1,2,10,1,0,0,0,3,34,37,0,26
7333,20140812100154,0.198030551958524,0.208823825848491,1,2,1,1,5,0,0,0,0,0,1,0.2,0,0,1,1,0,1,3,5,1,1,0,2,10,1,2,10,1,0,0,0,2,34,36,0,9332
7333,20140812100154,0.22124136522133,0.226240324544496,1,2,1,1,5,0,0,0,0,0,1,0.2,0,0,1,1,1,0,0,5,8,1,0,2,10,1,2,10,1,0,0,0,11,34,23,0,7942
7333,20140812100154,0.203653129042989,0.393722747691825,1,2,1,1,5,0,0,0,0,0,1,0.2,1,0.5,0,0,0,0,0,5,1,1,0,2,10,1,2,10,1,0,0,0,2,34,32,0,11425
7333,20140812100154,0.12514128930533,0.441624342010268,1,2,1,1,5,0,0,0,0,0,1,0.2,0,0,1,4,1,0,0,5,1,1,0,2,10,1,2,10,1,0,0,0,2,34,36,0,11402
405,20140812100230,0.0237733188469706,0.0254123372006469,3,3,0,1,9,0,0,0,0,0,1,0.2,0,0,1,2,1,1,2,5,6,1,0,2,10,1,2,10,1,0,0,0,3,36,33,0,7068
405,20140812100230,0.01860204088266,0.0259643984717444,3,3,0,1,9,0,0,0,0,0,1,0.2,0,0,1,3,0,0,4,5,6,1,0,2,10,1,2,10,1,0,0,0,3,36,33,0,7163
405,20140812100230,0.0422647775931689,0.050198040529482,3,3,0,1,9,0,0,0,0,0,1,0.2,0,0,1,1,0,0,4,5,6,1,0,2,10,1,2,10,1,0,0,0,14,36,22,0,7095
405,20140812100230,0.0422647775931689,0.0548923724391605,3,3,0,1,9,0,0,0,0,0,2,0.4,0,0,1,1,0,0,4,5,6,1,0,2,10,1,2,10,1,0,0,0,0,36,36,0,7155
5044,20140812100241,0.092206442811774,0.10388689305682,2,6,0,1,5,0,0,0,0,0,1,0.166666666666667,0,0,0,5,1,1,2,6,1,1,0,2,10,1,2,10,1,0,0,0,1,23,24,0,648
5044,20140812100241,0.107487375077263,0.110468539163872,2,6,0,1,5,0,0,0,0,0,1,0.166666666666667,1,0.5,0,0,0,0,0,6,1,1,0,2,10,1,2,10,1,0,0,0,13,23,36,0,9011
5044,20140812100241,0.0828308099441254,0.117734280585561,2,6,0,1,5,0,0,0,0,0,1,0.166666666666667,0,0,1,3,0,0,4,6,1,1,0,2,10,1,2,10,1,0,0,0,7,23,30,0,9151
5044,20140812100241,0.0738051389538661,0.119540831287891,2,6,0,1,5,0,0,0,0,0,1,0.166666666666667,1,1,0,0,0,0,0,6,8,1,0,2,10,1,2,10,1,0,0,0,9,23,32,0,7310
5044,20140812100241,0.114843756713196,0.13088052347466,2,6,0,1,5,0,0,0,0,0,1,0.166666666666667,0,0,0,5,1,1,2,6,1,1,0,2,10,1,2,10,1,0,0,0,6,23,17,0,9051
5044,20140812100241,0.063014630840773,0.133437908624192,2,6,0,1,5,0,0,0,0,0,1,0.166666666666667,0,0,1,3,0,0,4,6,6,1,0,2,10,1,2,10,1,0,0,0,17,23,40,0,4895
3725,20140812100322,0.0685040115905662,0.0184185285514351,3,3,0,1,9,0,0,0,0,0,1,0.2,1,1,0,0,0,0,0,5,6,1,0,2,10,1,2,10,1,0,0,0,4,36,40,0,4895
3725,20140812100322,0.0226001244465616,0.0242637015519165,3,3,0,1,9,0,0,0,0,0,1,0.2,0,0,1,3,0,0,4,5,6,1,0,2,10,1,2,10,1,0,0,0,2,36,34,0,4987
3725,20140812100322,0.0266952007671823,0.0278421640681997,3,3,0,1,9,0,0,0,0,0,1,0.2,0,0,1,2,1,1,2,5,6,1,0,2,10,1,2,10,1,0,0,0,3,36,33,0,4925
3725,20140812100322,0.0201783542688731,0.0287313131095729,3,3,0,1,9,0,0,0,0,0,1,0.2,0,0,1,0,1,1,1,5,6,1,0,2,10,1,2,10,1,0,0,0,1,36,37,0,4861
3725,20140812100322,0.0522671813282478,0.0578485191858873,3,3,0,1,9,0,0,0,0,0,1,0.2,0,0,1,3,0,0,4,5,6,1,0,2,10,1,2,10,1,0,0,0,4,36,32,0,3830
6062,20140812100436,0.0492231731199869,0.0635977950639798,3,3,0,1,9,0,0,0,0,0,1,0.2,1,1,0,0,0,0,0,5,6,1,0,2,10,1,2,10,1,0,0,0,3,33,30,0,3090
6062,20140812100436,0.151442581964256,0.173235936416205,3,3,0,1,9,0,0,0,0,0,1,0.2,0,0,1,2,1,1,7,5,1,1,0,2,10,1,2,10,1,0,0,0,3,33,30,0,9450
6062,20140812100436,0.173344836127304,0.183306115809047,3,3,0,1,9,0,0,0,0,0,2,0.4,0,0,1,2,1,1,7,5,1,1,0,2,10,1,2,10,1,0,0,0,11,33,22,0,9467
6062,20140812100436,0.178020746802171,0.190866901051498,3,3,0,1,9,0,0,0,0,0,1,0.2,0,0,1,2,1,1,2,5,6,1,0,2,10,1,2,10,1,0,0,0,1,33,34,0,3053
401,20140812100538,0.210122871563273,0.0531954130541444,2,3,1,2,8,0,0,0,0,0,1,0.333333333333333,0,0,0,3,1,1,3,3,6,1,0,2,10,1,2,10,1,0,0,0,1,37,36,0,1765
401,20140812100538,0.102981676205041,0.140161809081511,2,3,1,2,8,0,0,0,0,0,1,0.333333333333333,0,0,1,1,0,1,3,3,1,1,0,2,10,1,2,10,1,0,0,0,13,37,24,0,10444
401,20140812100538,0.205701370909391,0.219866267819785,2,3,1,2,8,0,0,0,0,0,1,0.333333333333333,0,0,0,2,0,0,1,3,1,1,0,2,10,1,2,10,1,0,0,0,11,37,26,0,10402
1297,20140812100818,0.0166792475849527,0.0444266516068928,2,1,1,2,7,0,0,0,0,0,1,0.2,0,0,0,5,1,1,2,5,6,1,0,2,10,1,2,10,1,0,0,0,3,36,33,0,7163
1297,20140812100818,0.0635205321136514,0.0712064140931203,2,1,1,2,7,0,0,0,0,0,1,0.2,0,0,0,1,1,1,2,5,6,1,0,2,10,1,2,10,1,0,0,0,14,36,22,0,7095
1297,20140812100818,0.0635205321136514,0.0758990879853047,2,1,1,2,7,0,0,0,0,0,2,0.4,1,0.5,0,1,1,1,2,5,6,1,0,2,10,1,2,10,1,0,0,0,0,36,36,0,7155
1297,20140812100818,0.0817933676651098,0.0985486238006428,2,1,1,2,7,0,0,0,0,0,1,0.2,0,0,1,2,1,1,2,5,6,1,0,2,10,1,2,10,1,0,0,0,3,36,33,0,6660
4744,20140812100827,0.00590150667202591,0.0116733769321526,3,3,0,1,9,0,0,0,0,0,1,0.166666666666667,0,0,1,2,1,1,2,6,6,1,0,2,10,1,2,10,1,0,0,0,4,19,23,0,3789
4744,20140812100827,0.0116301396810152,0.0350339536021798,3,3,0,1,9,0,0,0,0,0,1,0.166666666666667,0,0,1,1,0,1,5,6,6,1,0,2,10,1,2,10,1,0,0,0,4,19,23,0,3781
4744,20140812100827,0.0267195714037457,0.0353976568716061,3,3,0,1,9,0,0,0,0,0,1,0.166666666666667,0,0,1,3,0,0,4,6,6,1,0,2,10,1,2,10,1,0,0,0,13,19,32,0,3830
4744,20140812100827,0.218873160072219,0.230060301610258,3,3,0,1,9,0,0,0,0,0,1,0.166666666666667,0,0,1,2,1,1,7,6,1,1,0,2,10,1,2,10,1,0,0,0,17,19,36,0,9332
4744,20140812100827,0.225112774626413,0.417328110398764,3,3,0,1,9,0,0,0,0,0,1,0.166666666666667,0,0,2,1,1,0,4,6,1,1,0,2,10,1,2,10,1,0,0,0,13,19,32,0,11425
4744,20140812100827,0.146986392907648,0.46551641099429,3,3,0,1,9,0,0,0,0,0,1,0.166666666666667,0,0,1,3,0,0,4,6,1,1,0,2,10,1,2,10,1,0,0,0,17,19,36,0,11402
5367,20140812101622,0.130334337106535,0.0168332225376007,2,1,1,2,7,0,0,0,0,0,1,0.25,0,0,0,0,0,0,5,4,1,1,0,2,10,1,2,10,1,0,0,0,10,23,33,0,11934
5367,20140812101622,0.0115626889606292,0.0198853453578326,2,1,1,2,7,0,0,0,0,0,1,0.25,0,0,0,1,1,1,2,4,6,1,0,2,10,1,2,10,1,0,0,0,1,23,22,0,7095
5367,20140812101622,0.0115626889606292,0.0245185370893197,2,1,1,2,7,0,0,0,0,0,2,0.5,1,0.5,0,1,1,1,2,4,6,1,0,2,10,1,2,10,1,0,0,0,13,23,36,0,7155
4619,20140812100128,0.252763726877496,0.254587913391431,2,1,0,1,5,0,0,0,0,0,1,0.5,0,0,0,0,1,1,2,2,1,1,0,2,10,1,2,10,1,0,0,0,1,33,34,0,9599
4619,20140812100128,0.25837701215278,0.267990119705937,2,1,0,1,5,0,0,0,0,0,1,0.5,0,0,0,2,1,1,3,2,3,1,0,2,10,1,2,10,1,0,0,0,4,33,37,0,9553
5971,20140812100549,0,0.0334610615641484,2,1,1,2,2,0,0,0,0,0,1,1,1,1,0,0,0,0,0,1,1,1,0,2,10,1,2,10,1,0,0,0,10,34,24,1,11282
4387,20140812100639,0.12289515826509,0.135867481499438,2,1,1,2,7,0,0,0,0,0,1,0.166666666666667,0,0,1,2,1,1,2,6,6,1,0,2,10,1,2,10,1,0,0,0,6,30,36,0,7149
4387,20140812100639,0.136703137432907,0.141291178978019,2,1,1,2,7,0,0,0,0,0,1,0.166666666666667,1,1,0,0,0,0,0,6,6,1,0,2,10,1,2,10,1,0,0,0,3,30,33,1,7068
4387,20140812100639,0.128223726743532,0.148287592579418,2,1,1,2,7,0,0,0,0,0,1,0.166666666666667,0,0,0,5,1,1,2,6,6,1,0,2,10,1,2,10,1,0,0,0,3,30,33,0,7163
4387,20140812100639,0.0153755666237013,0.162182213725804,2,1,1,2,7,0,0,0,0,0,1,0.166666666666667,0,0,0,0,0,0,5,6,1,1,0,2,10,1,2,10,1,0,0,0,3,30,33,0,11934
4387,20140812100639,0.154988451827877,0.164002180009904,2,1,1,2,7,0,0,0,0,0,1,0.166666666666667,0,0,0,1,1,1,2,6,6,1,0,2,10,1,2,10,1,0,0,0,8,30,22,0,7095
4387,20140812100639,0.154988451827877,0.168037906964474,2,1,1,2,7,0,0,0,0,0,1,0.166666666666667,0,0,0,1,1,1,2,6,6,1,0,2,10,1,2,10,1,0,0,0,6,30,36,0,7155
1297,20140812100818,0.0166792475849527,0.0444266516068928,2,1,1,2,7,0,0,0,0,0,1,0.2,0,0,0,5,1,1,2,5,6,1,0,2,10,1,2,10,1,0,0,0,3,36,33,0,7163
1297,20140812100818,0.0965471867482413,0.0639489736352473,2,1,1,2,7,0,0,0,0,0,1,0.2,0,0,0,0,0,0,5,5,1,1,0,2,10,1,2,10,1,0,0,0,3,36,33,0,11934
1297,20140812100818,0.0635205321136514,0.0712064140931203,2,1,1,2,7,0,0,0,0,0,1,0.2,0,0,0,1,1,1,2,5,6,1,0,2,10,1,2,10,1,0,0,0,14,36,22,0,7095
1297,20140812100818,0.0635205321136514,0.0758990879853047,2,1,1,2,7,0,0,0,0,0,1,0.2,0,0,0,1,1,1,2,5,6,1,0,2,10,1,2,10,1,0,0,0,0,36,36,0,7155
1297,20140812100818,0.0817933676651098,0.0985486238006428,2,1,1,2,7,0,0,0,0,0,1,0.2,0,0,1,2,1,1,2,5,6,1,0,2,10,1,2,10,1,0,0,0,3,36,33,0,6660
867,20140812101004,1.41421356282199e-05,0.00905895291962685,2,1,1,2,7,0,0,0,0,0,1,0.2,1,1,0,0,0,0,0,5,1,1,0,2,10,1,2,10,1,0,0,0,1,24,23,0,9140
867,20140812101004,0.0212860524522568,0.0136326771031976,2,1,1,2,7,0,0,0,0,0,1,0.2,0,0,0,1,1,0,3,5,6,1,0,2,10,1,2,10,1,0,0,0,1,24,23,0,3781
867,20140812101004,0.0140440890057005,0.0245738212738713,2,1,1,2,7,0,0,0,0,0,1,0.2,0,0,0,5,1,1,2,5,6,1,0,2,10,1,2,10,1,0,0,0,8,24,32,0,3830
867,20140812101004,0.205914599045331,0.217600987398959,2,1,1,2,7,0,0,0,0,0,1,0.2,0,0,0,0,0,0,5,5,1,1,0,2,10,1,2,10,1,0,0,0,12,24,36,0,9332
867,20140812101004,0.13739615860715,0.456784775517972,2,1,1,2,7,0,0,0,0,0,1,0.2,0,0,0,5,1,1,2,5,1,1,0,2,10,1,2,10,1,0,0,0,12,24,36,0,11402
5818,20140812101053,0.00229897803381848,0.00882227567014893,2,1,1,2,7,0,0,0,0,0,1,0.5,0,0,0,1,1,1,2,2,6,1,0,2,10,1,2,10,1,0,0,0,5,27,22,0,7095
5818,20140812101053,0.00229897803381848,0.0126962268804618,2,1,1,2,7,0,0,0,0,0,1,0.5,0,0,0,1,1,1,2,2,6,1,0,2,10,1,2,10,1,0,0,0,9,27,36,1,7155
1334,20140812101407,0.13614449858882,0.143198271724908,2,6,0,1,5,0,0,0,0,0,1,0.2,1,1,0,0,0,0,0,5,8,1,0,2,10,1,2,10,1,0,0,0,10,33,23,0,18
1334,20140812101407,0.15208914055909,0.158392058841353,2,6,0,1,5,0,0,0,0,0,1,0.2,0,0,0,5,1,1,2,5,6,1,0,2,10,1,2,10,1,0,0,0,2,33,31,0,1930
1334,20140812101407,0.146268205704452,0.162839008622014,2,6,0,1,5,0,0,0,0,0,1,0.2,0,0,0,5,1,1,2,5,6,1,0,2,10,1,2,10,1,0,0,0,1,33,34,0,1887
1334,20140812101407,0.129768612418419,0.189768769382641,2,6,0,1,5,0,0,0,0,0,1,0.2,1,0.5,0,0,0,0,0,5,1,1,0,2,10,1,2,10,1,0,0,0,3,33,36,0,9011
1334,20140812101407,0.107282025521532,0.215385670930082,2,6,0,1,5,0,0,0,0,0,1,0.2,0,0,0,5,0,0,0,5,8,1,0,2,10,1,2,10,1,0,0,0,3,33,30,0,7982
6400,20140812101528,0.0492615428097763,0.0505767450514523,3,5,0,1,8,0,0,0,0,0,1,0.2,0,0,2,3,1,1,4,5,6,1,0,2,10,1,2,10,1,0,0,0,4,37,33,0,4998
6400,20140812101528,0.0513236224461929,0.0556934291366578,3,5,0,1,8,0,0,0,0,0,1,0.2,0,0,1,4,1,1,1,5,6,1,0,2,10,1,2,10,1,0,0,0,14,37,23,0,3789
6400,20140812101528,0.045893229348123,0.0627319600921239,3,5,0,1,8,0,0,0,0,0,1,0.2,0,0,0,2,0,0,1,5,6,1,0,2,10,1,2,10,1,0,0,0,18,37,19,0,3783
6400,20140812101528,0.05397093225987,0.0735251166949024,3,5,0,1,8,0,0,0,0,0,1,0.2,0,0,1,3,0,1,4,5,6,1,0,2,10,1,2,10,1,0,0,0,14,37,23,0,3781
6400,20140812101528,0.0474269778079895,0.0736647878500926,3,5,0,1,8,0,0,0,0,0,1,0.2,0,0,0,2,0,0,1,5,6,1,0,2,10,1,2,10,1,0,0,0,1,37,36,0,3790
5367,20140812101622,0.130334337106535,0.0168332225376007,2,1,1,2,7,0,0,0,0,0,1,0.333333333333333,0,0,0,0,0,0,5,3,1,1,0,2,10,1,2,10,1,0,0,0,10,23,33,0,11934
5367,20140812101622,0.0115626889606292,0.0198853453578326,2,1,1,2,7,0,0,0,0,0,1,0.333333333333333,0,0,0,1,1,1,2,3,6,1,0,2,10,1,2,10,1,0,0,0,1,23,22,0,7095
5367,20140812101622,0.0115626889606292,0.0245185370893197,2,1,1,2,7,0,0,0,0,0,1,0.333333333333333,0,0,0,1,1,1,2,3,6,1,0,2,10,1,2,10,1,0,0,0,13,23,36,0,7155
